{
  "3h": {
    "n_stations": 18,
    "frost_metrics": {
      "brier_score": {
        "mean": 0.0026482886403620728,
        "std": 0.0008691486754130246,
        "min": 0.0011666446716294362,
        "max": 0.004396108645968948
      },
      "ece": {
        "mean": 0.0014485336439817873,
        "std": 0.0002891445498496223,
        "min": 0.0010443259446395938,
        "max": 0.0019113753041543411
      },
      "roc_auc": {
        "mean": 0.9982606291021473,
        "std": 0.0007267541010464616,
        "min": 0.9962846354319758,
        "max": 0.9991562800231706
      },
      "pr_auc": {
        "mean": 0.8623583164045457,
        "std": 0.04911164802801304,
        "min": 0.7006268561567047,
        "max": 0.9140666269337183
      }
    },
    "temp_metrics": {
      "mae": {
        "mean": 1.0788064963287778,
        "std": 0.0745527426034983,
        "min": 0.9682996273040771,
        "max": 1.2151180505752563
      },
      "rmse": {
        "mean": 1.3933564781035426,
        "std": 0.09957906543969425,
        "min": 1.2371382386839698,
        "max": 1.5633562412223883
      },
      "r2": {
        "mean": 0.9746497604582045,
        "std": 0.004094423414573017,
        "min": 0.9657371044158936,
        "max": 0.9815713763237
      }
    }
  },
  "6h": {
    "n_stations": 18,
    "frost_metrics": {
      "brier_score": {
        "mean": 0.0029068784110813433,
        "std": 0.0009477284580724889,
        "min": 0.0012760520145586372,
        "max": 0.004764772093872374
      },
      "ece": {
        "mean": 0.0016359496194814618,
        "std": 0.0003772021156070795,
        "min": 0.0011467401752096253,
        "max": 0.002314734228260181
      },
      "roc_auc": {
        "mean": 0.9978309250279975,
        "std": 0.0008703536568025133,
        "min": 0.9955879542578894,
        "max": 0.9989878852936668
      },
      "pr_auc": {
        "mean": 0.8376821822630789,
        "std": 0.05416967716344355,
        "min": 0.6626124310955233,
        "max": 0.89230894165389
      }
    },
    "temp_metrics": {
      "mae": {
        "mean": 1.3041389319631789,
        "std": 0.07500561017270335,
        "min": 1.1629847288131714,
        "max": 1.4255921840667725
      },
      "rmse": {
        "mean": 1.6638449248924017,
        "std": 0.09955779695648846,
        "min": 1.4841579880943496,
        "max": 1.8422654851272224
      },
      "r2": {
        "mean": 0.963824192682902,
        "std": 0.00570095621457459,
        "min": 0.9524214863777161,
        "max": 0.9723185300827026
      }
    }
  },
  "12h": {
    "n_stations": 18,
    "frost_metrics": {
      "brier_score": {
        "mean": 0.004114410695995477,
        "std": 0.0012963469791236193,
        "min": 0.001973630394866838,
        "max": 0.006670345508793849
      },
      "ece": {
        "mean": 0.0022370628831505446,
        "std": 0.000947792845959746,
        "min": 0.0013341913903599414,
        "max": 0.004360992408962748
      },
      "roc_auc": {
        "mean": 0.9955623213828169,
        "std": 0.0018679775655978488,
        "min": 0.9906376190843779,
        "max": 0.997479410332776
      },
      "pr_auc": {
        "mean": 0.7103332417656419,
        "std": 0.11300176909961779,
        "min": 0.36534267970820455,
        "max": 0.814560832967754
      }
    },
    "temp_metrics": {
      "mae": {
        "mean": 1.9166787664095561,
        "std": 0.1035393330723767,
        "min": 1.6738771200180054,
        "max": 2.110323667526245
      },
      "rmse": {
        "mean": 2.4299263751534763,
        "std": 0.1264268940537132,
        "min": 2.13035369103524,
        "max": 2.6347487034123493
      },
      "r2": {
        "mean": 0.9229297869735293,
        "std": 0.011333445808723083,
        "min": 0.8978688716888428,
        "max": 0.9405749440193176
      }
    }
  },
  "24h": {
    "n_stations": 18,
    "frost_metrics": {
      "brier_score": {
        "mean": 0.005396497431134495,
        "std": 0.0017354949372252778,
        "min": 0.0026749574128395156,
        "max": 0.008953728535267557
      },
      "ece": {
        "mean": 0.002882597837063452,
        "std": 0.0014560696277800354,
        "min": 0.0013912432151447136,
        "max": 0.008208699490604848
      },
      "roc_auc": {
        "mean": 0.9897074987092986,
        "std": 0.004618534786245347,
        "min": 0.9764456711008888,
        "max": 0.9945733235992006
      },
      "pr_auc": {
        "mean": 0.5575842252113,
        "std": 0.11027861607993576,
        "min": 0.2633797755342832,
        "max": 0.6718279361025596
      }
    },
    "temp_metrics": {
      "mae": {
        "mean": 2.0376310613420276,
        "std": 0.08251993891144138,
        "min": 1.8953639268875122,
        "max": 2.190901756286621
      },
      "rmse": {
        "mean": 2.6139950833835264,
        "std": 0.10420864559134885,
        "min": 2.4439363842690347,
        "max": 2.8122712784059734
      },
      "r2": {
        "mean": 0.910963257153829,
        "std": 0.010999778026723441,
        "min": 0.8853813409805298,
        "max": 0.9240835905075073
      }
    }
  },
  "start_time": "2025-11-15T18:55:46.580200",
  "end_time": "2025-11-15T19:05:33.694230",
  "duration_seconds": 587.1140286922455,
  "duration_minutes": 9.785233811537426,
  "duration_hours": 0.1630872301922904
}