{
  "accuracy": 0.9944408146712927,
  "precision": 0.48741007194244607,
  "recall": 0.5651720542231491,
  "f1": 0.5234186383389667,
  "roc_auc": 0.9923456404961197,
  "pr_auc": 0.539705980787576,
  "brier_score": 0.004067916022328121,
  "tn": 352030,
  "fp": 1140,
  "fn": 834,
  "tp": 1084,
  "ece": 0.0026721418767685426
}