{
  "mae": 1.7309767643908123,
  "rmse": 2.248748447120429,
  "r2": 0.9354001516350358,
  "mape": 18.23480010398269
}