{
  "accuracy": 0.9978484691463717,
  "precision": 0.8089584457636265,
  "recall": 0.785227867993714,
  "f1": 0.796916533758639,
  "roc_auc": 0.9975111436944585,
  "pr_auc": 0.8763106598009786,
  "brier_score": 0.0017066299174933485,
  "tn": 352833,
  "fp": 354,
  "fn": 410,
  "tp": 1499,
  "ece": 0.0007994807495025832
}