{
  "mae": 0.7316895127296448,
  "rmse": 1.065147243583109,
  "r2": 0.985503613948822,
  "mape": "8.549038"
}