{
  "accuracy": 0.9965614157617266,
  "precision": 0.6833688699360341,
  "recall": 0.6715557883708748,
  "f1": 0.6774108322324967,
  "roc_auc": 0.9976726661921431,
  "pr_auc": 0.7510870485126477,
  "brier_score": 0.0024915221097585654,
  "tn": 352585,
  "fp": 594,
  "fn": 627,
  "tp": 1282,
  "ece": 0.0008053016230828396
}