{
  "mae": 1.02505702263432,
  "rmse": 1.363679463982118,
  "r2": 0.9762394200761564,
  "mape": 11.10629415613153
}