{
  "accuracy": 0.994857381038212,
  "precision": 0.5202537823328452,
  "recall": 0.5584075432163437,
  "f1": 0.538655886811521,
  "roc_auc": 0.9941755162843136,
  "pr_auc": 0.5662626870797282,
  "brier_score": 0.0038167852023946055,
  "tn": 352180,
  "fp": 983,
  "fn": 843,
  "tp": 1066,
  "ece": 0.00217626011191261
}