{
  "mae": 1.595625638961792,
  "rmse": 2.0776132512812424,
  "r2": 0.9448471665382385,
  "mape": "16.652325"
}