{
  "accuracy": 0.9924543713384407,
  "precision": 0.3462460063897764,
  "recall": 0.4541644840230487,
  "f1": 0.3929299796057104,
  "roc_auc": 0.9879024738004925,
  "pr_auc": 0.36361546176106385,
  "brier_score": 0.005388648602966659,
  "tn": 351494,
  "fp": 1637,
  "fn": 1042,
  "tp": 867,
  "ece": 0.0047676631204665405
}