{
  "mae": 1.8575851707317341,
  "rmse": 2.4172020410789097,
  "r2": 0.9253355111462753,
  "mape": 21.518322151547117
}