{
  "accuracy": 0.9950573404830569,
  "precision": 0.5741811175337187,
  "recall": 0.3122053431115767,
  "f1": 0.4044791313199864,
  "roc_auc": 0.992060195859237,
  "pr_auc": 0.49761896760684965,
  "brier_score": 0.0036096439871614867,
  "tn": 352721,
  "fp": 442,
  "fn": 1313,
  "tp": 596,
  "ece": 0.0031262136134079252
}