{
  "mae": 1.9838938595568485,
  "rmse": 2.5462645291420363,
  "r2": 0.9171589327310822,
  "mape": 21.72531484268126
}