{
  "accuracy": 0.9950629731434751,
  "precision": 0.5389221556886228,
  "recall": 0.5657412257726558,
  "f1": 0.5520061334014822,
  "roc_auc": 0.9943664867081536,
  "pr_auc": 0.5863849521294034,
  "brier_score": 0.0035630913919240904,
  "tn": 352239,
  "fp": 924,
  "fn": 829,
  "tp": 1080,
  "ece": 0.0021811333769225522
}