{
  "mae": 1.6353256549891266,
  "rmse": 2.126198120482237,
  "r2": 0.9422374835806364,
  "mape": 17.316075775428175
}