{
  "accuracy": 0.995226320295602,
  "precision": 0.5494454713493531,
  "recall": 0.6228391828182295,
  "f1": 0.5838448318192978,
  "roc_auc": 0.9933243577679107,
  "pr_auc": 0.6088406264992515,
  "brier_score": 0.0034841764165785168,
  "tn": 352188,
  "fp": 975,
  "fn": 720,
  "tp": 1189,
  "ece": 0.0017326676564228235
}