{
  "mae": 1.3711498975753784,
  "rmse": 1.8621014392604462,
  "r2": 0.9556957483291626,
  "mape": "15.452131"
}