{
  "3h": {
    "n_stations": 18,
    "frost_metrics": {
      "brier_score": {
        "mean": 0.0030885370110226135,
        "std": 0.0009958069019233183,
        "min": 0.001359197607230266,
        "max": 0.004984893922654726
      },
      "ece": {
        "mean": 0.0016973308766728963,
        "std": 0.00042763472004704047,
        "min": 0.0011962571207461232,
        "max": 0.0027813277590745806
      },
      "roc_auc": {
        "mean": 0.9970204407704245,
        "std": 0.0019058098237481505,
        "min": 0.9904367870869335,
        "max": 0.9989883177283299
      },
      "pr_auc": {
        "mean": 0.8204692035259048,
        "std": 0.0622255028079562,
        "min": 0.6323497760154877,
        "max": 0.8818765551756024
      }
    },
    "temp_metrics": {
      "mae": {
        "mean": 1.574911135227116,
        "std": 0.09721602989420042,
        "min": 1.4006665558349793,
        "max": 1.7493961533856124
      },
      "rmse": {
        "mean": 2.0268010395873803,
        "std": 0.12608919520979023,
        "min": 1.7969128942318122,
        "max": 2.237074245794103
      },
      "r2": {
        "mean": 0.9466627890330425,
        "std": 0.006675121343355342,
        "min": 0.9344679114049094,
        "max": 0.956731143553005
      }
    }
  },
  "6h": {
    "n_stations": 18,
    "frost_metrics": {
      "brier_score": {
        "mean": 0.004155603611060678,
        "std": 0.0013504137934887645,
        "min": 0.00201122100545279,
        "max": 0.006938728413795706
      },
      "ece": {
        "mean": 0.0025319675012800153,
        "std": 0.0010378749911601687,
        "min": 0.0012890095129181537,
        "max": 0.005427396196750913
      },
      "roc_auc": {
        "mean": 0.9944558346762433,
        "std": 0.003408403499458213,
        "min": 0.9841083694752606,
        "max": 0.9974813568386347
      },
      "pr_auc": {
        "mean": 0.7215788199838641,
        "std": 0.08945771839471754,
        "min": 0.4988307454580033,
        "max": 0.8063805330162905
      }
    },
    "temp_metrics": {
      "mae": {
        "mean": 2.166881272641077,
        "std": 0.12201557384895287,
        "min": 1.901504928048262,
        "max": 2.3838836778174533
      },
      "rmse": {
        "mean": 2.7470390120299286,
        "std": 0.15981983983709264,
        "min": 2.4218009120924617,
        "max": 3.013184087128846
      },
      "r2": {
        "mean": 0.9018026041330717,
        "std": 0.013761873780120823,
        "min": 0.8723716181443728,
        "max": 0.9232119939539492
      }
    }
  },
  "12h": {
    "n_stations": 18,
    "frost_metrics": {
      "brier_score": {
        "mean": 0.0059299042464972035,
        "std": 0.0020391611255530678,
        "min": 0.0033299979980371433,
        "max": 0.010354208934068142
      },
      "ece": {
        "mean": 0.0039255743024697925,
        "std": 0.0018704643722313218,
        "min": 0.0017037439523661863,
        "max": 0.0075707466187586855
      },
      "roc_auc": {
        "mean": 0.9881903656111857,
        "std": 0.006523903705838637,
        "min": 0.9656877389128979,
        "max": 0.9944714751045161
      },
      "pr_auc": {
        "mean": 0.5159386069337557,
        "std": 0.11560539322440617,
        "min": 0.20536679708230093,
        "max": 0.6572271622459328
      }
    },
    "temp_metrics": {
      "mae": {
        "mean": 2.5069067742467004,
        "std": 0.16118761548416963,
        "min": 2.197692702769444,
        "max": 2.806723927813069
      },
      "rmse": {
        "mean": 3.168903287036702,
        "std": 0.1983104754095985,
        "min": 2.771802543727515,
        "max": 3.501889715947805
      },
      "r2": {
        "mean": 0.8696280934384507,
        "std": 0.01618650668241726,
        "min": 0.8366967879203551,
        "max": 0.8994111404657573
      }
    }
  },
  "24h": {
    "n_stations": 18,
    "frost_metrics": {
      "brier_score": {
        "mean": 0.00563242154974326,
        "std": 0.0017659515092110928,
        "min": 0.002932701445219734,
        "max": 0.009112522856845627
      },
      "ece": {
        "mean": 0.002552704369907484,
        "std": 0.001798411613577029,
        "min": 0.0008178795029575201,
        "max": 0.009549691405871238
      },
      "roc_auc": {
        "mean": 0.9862031641741569,
        "std": 0.0057359587758761005,
        "min": 0.9692182470052484,
        "max": 0.9920219905854155
      },
      "pr_auc": {
        "mean": 0.5172336787277474,
        "std": 0.11573791609945665,
        "min": 0.2264769590480636,
        "max": 0.6310785498385344
      }
    },
    "temp_metrics": {
      "mae": {
        "mean": 2.076732336877501,
        "std": 0.08781432519501275,
        "min": 1.9267529423492689,
        "max": 2.2567981790283143
      },
      "rmse": {
        "mean": 2.6733644807198074,
        "std": 0.11213559653414971,
        "min": 2.501051097211042,
        "max": 2.900659194341878
      },
      "r2": {
        "mean": 0.9070409711607748,
        "std": 0.011413519899609849,
        "min": 0.8837463680150693,
        "max": 0.9213771413618482
      }
    }
  }
}