{
  "accuracy": 0.958596214511041,
  "precision": 0.10766210661922582,
  "recall": 0.9193294918805658,
  "f1": 0.1927512355848435,
  "roc_auc": 0.9778491452647907,
  "pr_auc": 0.3518110628970483,
  "brier_score": 0.004689384360299931,
  "tn": 338585,
  "fp": 14546,
  "fn": 154,
  "tp": 1755,
  "ece": 0.0032617506261838187
}