{
  "mae": 1.8470165729522705,
  "rmse": 2.416182392751322,
  "r2": 0.9253984689712524,
  "mape": "20.617779"
}