iter	RMSE
0	8.489230764
1	8.122415716
2	7.775557787
3	7.44886363
4	7.140733618
5	6.847684431
6	6.571233956
7	6.311743636
8	6.065967455
9	5.834483035
10	5.616865248
11	5.411208749
12	5.21914701
13	5.03883001
14	4.868986605
15	4.709880076
16	4.56134644
17	4.422725293
18	4.292866421
19	4.171412705
20	4.058573148
21	3.953094743
22	3.855103814
23	3.763817011
24	3.677936885
25	3.598871783
26	3.525237382
27	3.456167776
28	3.393498968
29	3.334407509
