{
  "accuracy": 0.9970993759434068,
  "precision": 0.753314121037464,
  "recall": 0.6846516500785752,
  "f1": 0.7173435784851812,
  "roc_auc": 0.9982149950457183,
  "pr_auc": 0.8062317672624134,
  "brier_score": 0.0021498800824561455,
  "tn": 352759,
  "fp": 428,
  "fn": 602,
  "tp": 1307,
  "ece": 0.0007623324628864461
}