{
  "mae": 0.8325574713301254,
  "rmse": 1.1329744927044083,
  "r2": 0.9835985752969365,
  "mape": 9.122090669560968
}