{
  "model_type": "lightgbm",
  "horizons": [
    3,
    6,
    12,
    24
  ],
  "timestamp": "2025-11-21T08:58:14.464162",
  "results": {
    "3h": {
      "frost_metrics": {
        "accuracy": 0.9962460855655936,
        "precision": 0.6587086272381986,
        "recall": 0.6329509906152242,
        "f1": 0.6455729859080032,
        "roc_auc": 0.9966521148702686,
        "pr_auc": 0.7148407451319002,
        "brier_score": 0.0027383823620786025,
        "tn": 352549,
        "fp": 629,
        "fn": 704,
        "tp": 1214,
        "ece": 0.0011293699414237118
      },
      "temp_metrics": {
        "mae": 1.2383744151754121,
        "rmse": 1.6345665047067963,
        "r2": 0.9658678370188798,
        "mape": 13.135785255351461
      }
    },
    "6h": {
      "frost_metrics": {
        "accuracy": 0.9944408146712927,
        "precision": 0.48741007194244607,
        "recall": 0.5651720542231491,
        "f1": 0.5234186383389667,
        "roc_auc": 0.9923456404961197,
        "pr_auc": 0.539705980787576,
        "brier_score": 0.004067916022328121,
        "tn": 352030,
        "fp": 1140,
        "fn": 834,
        "tp": 1084,
        "ece": 0.0026721418767685426
      },
      "temp_metrics": {
        "mae": 1.7309767643908123,
        "rmse": 2.248748447120429,
        "r2": 0.9354001516350358,
        "mape": 18.23480010398269
      }
    },
    "12h": {
      "frost_metrics": {
        "accuracy": 0.9932774197909157,
        "precision": 0.38555392874572963,
        "recall": 0.4118873826903024,
        "f1": 0.39828585833123265,
        "roc_auc": 0.9855963253185094,
        "pr_auc": 0.3883985095325439,
        "brier_score": 0.004879438637205146,
        "tn": 351895,
        "fp": 1259,
        "fn": 1128,
        "tp": 790,
        "ece": 0.0037454512485166945
      },
      "temp_metrics": {
        "mae": 2.1624746447681544,
        "rmse": 2.7891577247132777,
        "r2": 0.9006192916859793,
        "mape": 23.246483855344245
      }
    },
    "24h": {
      "frost_metrics": {
        "accuracy": 0.9931416178458765,
        "precision": 0.3708145927036482,
        "recall": 0.38686131386861317,
        "f1": 0.3786680275580505,
        "roc_auc": 0.9820771406378211,
        "pr_auc": 0.30586634452073147,
        "brier_score": 0.005205679481785059,
        "tn": 351863,
        "fp": 1259,
        "fn": 1176,
        "tp": 742,
        "ece": 0.00421181844491685
      },
      "temp_metrics": {
        "mae": 1.9901986322540508,
        "rmse": 2.5893099550647234,
        "r2": 0.9143408983791973,
        "mape": 24.04820179301103
      }
    }
  }
}