{
  "accuracy": 0.9962460855655936,
  "precision": 0.6587086272381986,
  "recall": 0.6329509906152242,
  "f1": 0.6455729859080032,
  "roc_auc": 0.9966521148702686,
  "pr_auc": 0.7148407451319002,
  "brier_score": 0.0027383823620786025,
  "tn": 352549,
  "fp": 629,
  "fn": 704,
  "tp": 1214,
  "ece": 0.0011293699414237118
}