{
  "mae": 1.2383744151754121,
  "rmse": 1.6345665047067963,
  "r2": 0.9658678370188798,
  "mape": 13.135785255351461
}