{
  "accuracy": 0.9964149731897445,
  "precision": 0.6680761099365751,
  "recall": 0.6621267679413305,
  "f1": 0.6650881347013944,
  "roc_auc": 0.9975246022206584,
  "pr_auc": 0.7399459061406498,
  "brier_score": 0.0026028433730527576,
  "tn": 352551,
  "fp": 628,
  "fn": 645,
  "tp": 1264,
  "ece": 0.0011810416520931667
}