{
  "mae": 1.0035072565078735,
  "rmse": 1.340529019136647,
  "r2": 0.9770393371582031,
  "mape": "10.852257"
}