{
  "3h": {
    "n_stations": 18,
    "frost_metrics": {
      "brier_score": {
        "mean": 0.0027902076562231664,
        "std": 0.0009317425843881041,
        "min": 0.0012361791075000909,
        "max": 0.0047076697099020775
      },
      "ece": {
        "mean": 0.0019915025298669945,
        "std": 0.0005881062028284566,
        "min": 0.0010799996909432662,
        "max": 0.0029777081428264806
      },
      "roc_auc": {
        "mean": 0.9979408484229408,
        "std": 0.0007437378213691885,
        "min": 0.9961194794658843,
        "max": 0.9990831408211737
      },
      "pr_auc": {
        "mean": 0.8514681196687602,
        "std": 0.05400791621676443,
        "min": 0.6698426756934395,
        "max": 0.9126510144094996
      }
    },
    "temp_metrics": {
      "mae": {
        "mean": 1.364998658201672,
        "std": 0.08026171415922295,
        "min": 1.2527075930589644,
        "max": 1.5305254325702347
      },
      "rmse": {
        "mean": 1.7810594453397566,
        "std": 0.10760725828713434,
        "min": 1.630050684902633,
        "max": 1.9894764669823313
      },
      "r2": {
        "mean": 0.958610847246779,
        "std": 0.006121351075065477,
        "min": 0.9445137484342424,
        "max": 0.9680067444785074
      }
    }
  },
  "6h": {
    "n_stations": 18,
    "frost_metrics": {
      "brier_score": {
        "mean": 0.00371132702686734,
        "std": 0.0013484744488395965,
        "min": 0.0015913815466136703,
        "max": 0.006399310925590144
      },
      "ece": {
        "mean": 0.003431968882229011,
        "std": 0.0008076490809083608,
        "min": 0.002019978747731679,
        "max": 0.0050719141967587285
      },
      "roc_auc": {
        "mean": 0.9963669618174296,
        "std": 0.001125374235644537,
        "min": 0.9940612940372288,
        "max": 0.9979783287687902
      },
      "pr_auc": {
        "mean": 0.7893558049536629,
        "std": 0.061700328530486785,
        "min": 0.5905988694653614,
        "max": 0.8633501898000586
      }
    },
    "temp_metrics": {
      "mae": {
        "mean": 1.5419732752839834,
        "std": 0.08951119135930952,
        "min": 1.400812433443068,
        "max": 1.7664562991946484
      },
      "rmse": {
        "mean": 2.0233130882445334,
        "std": 0.11269229375604611,
        "min": 1.838959977871936,
        "max": 2.300714132181517
      },
      "r2": {
        "mean": 0.9464258875933937,
        "std": 0.008858891431674148,
        "min": 0.9257952071174739,
        "max": 0.9582230213028698
      }
    }
  },
  "12h": {
    "n_stations": 18,
    "frost_metrics": {
      "brier_score": {
        "mean": 0.005200581359491978,
        "std": 0.001880362525177445,
        "min": 0.0022991192424326842,
        "max": 0.008847355595884813
      },
      "ece": {
        "mean": 0.005300626937896007,
        "std": 0.0008919402106514505,
        "min": 0.0035064801608010706,
        "max": 0.00672915206402263
      },
      "roc_auc": {
        "mean": 0.9918462428411513,
        "std": 0.002896802882202837,
        "min": 0.9827785165137259,
        "max": 0.9949708732964251
      },
      "pr_auc": {
        "mean": 0.6290689421041509,
        "std": 0.12921356245583449,
        "min": 0.2662257924769714,
        "max": 0.742053830656249
      }
    },
    "temp_metrics": {
      "mae": {
        "mean": 2.442637676797802,
        "std": 0.10827917520321508,
        "min": 2.1644495063958433,
        "max": 2.63404960454475
      },
      "rmse": {
        "mean": 3.107947119330365,
        "std": 0.14228921157450275,
        "min": 2.7438728368417786,
        "max": 3.329584218696753
      },
      "r2": {
        "mean": 0.8737711012721747,
        "std": 0.018889229902607548,
        "min": 0.8326014050714017,
        "max": 0.9014187623391678
      }
    }
  },
  "24h": {
    "n_stations": 18,
    "frost_metrics": {
      "brier_score": {
        "mean": 0.005574928205002578,
        "std": 0.00197134114578968,
        "min": 0.002723004900794369,
        "max": 0.009449534779805646
      },
      "ece": {
        "mean": 0.002090437253312055,
        "std": 0.000938691897808429,
        "min": 0.0011654056998958698,
        "max": 0.0053219178065291375
      },
      "roc_auc": {
        "mean": 0.9853264882134047,
        "std": 0.004327870499603669,
        "min": 0.9704160156303231,
        "max": 0.9905011392502916
      },
      "pr_auc": {
        "mean": 0.5178729005686181,
        "std": 0.09080757747101387,
        "min": 0.3071104508830383,
        "max": 0.6413933313753994
      }
    },
    "temp_metrics": {
      "mae": {
        "mean": 2.0307939353378206,
        "std": 0.08648191643903562,
        "min": 1.9075164077396902,
        "max": 2.183513734411814
      },
      "rmse": {
        "mean": 2.6652653799220065,
        "std": 0.11551998704678237,
        "min": 2.507071566545469,
        "max": 2.8790636545220494
      },
      "r2": {
        "mean": 0.9072074788360447,
        "std": 0.013536010125916272,
        "min": 0.8743599829662237,
        "max": 0.9233853266287279
      }
    }
  },
  "start_time": "2025-11-15T19:32:57.673254",
  "end_time": "2025-11-15T20:49:53.411564",
  "duration_seconds": 4615.738308191299,
  "duration_minutes": 76.92897180318832,
  "duration_hours": 1.2821495300531387
}