{
  "accuracy": 0.9969416032082188,
  "precision": 0.6986962819893772,
  "recall": 0.7579884756416972,
  "f1": 0.7271356783919598,
  "roc_auc": 0.9967518559418918,
  "pr_auc": 0.7874824489195508,
  "brier_score": 0.0023186638102345386,
  "tn": 352555,
  "fp": 624,
  "fn": 462,
  "tp": 1447,
  "ece": 0.0010542462103324212
}