{
  "mae": 0.9683182239532471,
  "rmse": 1.3573513094995737,
  "r2": 0.9764594435691833,
  "mape": "11.17016"
}