{
  "accuracy": 0.9931894997746733,
  "precision": 0.38124125058329444,
  "recall": 0.427972760607648,
  "f1": 0.40325765054294177,
  "roc_auc": 0.9881937897943422,
  "pr_auc": 0.39818323347432166,
  "brier_score": 0.004899120106852144,
  "tn": 351805,
  "fp": 1326,
  "fn": 1092,
  "tp": 817,
  "ece": 0.0045067553544834915
}