{
  "mae": 1.857593346011205,
  "rmse": 2.4203028205763397,
  "r2": 0.9251438295179648,
  "mape": 21.66325526239246
}