{
  "3h": {
    "n_stations": 18,
    "frost_metrics": {
      "brier_score": {
        "mean": 0.0026541054060284135,
        "std": 0.000889963867465127,
        "min": 0.001186214770545069,
        "max": 0.00447251622896039
      },
      "ece": {
        "mean": 0.002638271685221746,
        "std": 0.0004514499061528919,
        "min": 0.002031281872550404,
        "max": 0.003351969769403842
      },
      "roc_auc": {
        "mean": 0.9983297573226166,
        "std": 0.0006023949163766866,
        "min": 0.9968714873617068,
        "max": 0.9991853816230442
      },
      "pr_auc": {
        "mean": 0.8635942665136338,
        "std": 0.04981847763789422,
        "min": 0.6928203820053765,
        "max": 0.9153064677731141
      }
    },
    "temp_metrics": {
      "mae": {
        "mean": 1.934244647766073,
        "std": 0.1243238635182358,
        "min": 1.7587992360199167,
        "max": 2.221768445056763
      },
      "rmse": {
        "mean": 2.4392742349434418,
        "std": 0.15154397981695544,
        "min": 2.2363997261959976,
        "max": 2.8282097551904632
      },
      "r2": {
        "mean": 0.9230602025353922,
        "std": 0.0047217365476923435,
        "min": 0.914513183397345,
        "max": 0.9310848726046161
      }
    }
  },
  "6h": {
    "n_stations": 18,
    "frost_metrics": {
      "brier_score": {
        "mean": 0.0029598216677397165,
        "std": 0.001013308845864215,
        "min": 0.0012927915820193539,
        "max": 0.00505998840818069
      },
      "ece": {
        "mean": 0.0029356805378014787,
        "std": 0.0005533411437769482,
        "min": 0.002066141589215313,
        "max": 0.003946247262888441
      },
      "roc_auc": {
        "mean": 0.9977967822633842,
        "std": 0.0007460342487999052,
        "min": 0.9963254690766268,
        "max": 0.998970875139158
      },
      "pr_auc": {
        "mean": 0.8364008757780719,
        "std": 0.05425443867918788,
        "min": 0.664835368182055,
        "max": 0.893186643266419
      }
    },
    "temp_metrics": {
      "mae": {
        "mean": 2.1248262504737623,
        "std": 0.12527889201544234,
        "min": 1.9213934614927293,
        "max": 2.4284010729605234
      },
      "rmse": {
        "mean": 2.6421127650458143,
        "std": 0.14436147050868833,
        "min": 2.4420941060775836,
        "max": 3.034001253403024
      },
      "r2": {
        "mean": 0.9096785685156861,
        "std": 0.00517150116107549,
        "min": 0.8983653020579214,
        "max": 0.9188606628710065
      }
    }
  },
  "12h": {
    "n_stations": 18,
    "frost_metrics": {
      "brier_score": {
        "mean": 0.004282177154220129,
        "std": 0.0014769201927549386,
        "min": 0.001876355043153124,
        "max": 0.007173729800713977
      },
      "ece": {
        "mean": 0.0042993545768736895,
        "std": 0.0005413200572420859,
        "min": 0.00332551492442671,
        "max": 0.0050913592130148394
      },
      "roc_auc": {
        "mean": 0.9948826656911441,
        "std": 0.0019424220485633752,
        "min": 0.989245967934328,
        "max": 0.9971134565215253
      },
      "pr_auc": {
        "mean": 0.7015258342293006,
        "std": 0.1113901892684903,
        "min": 0.3664706920217653,
        "max": 0.7952831914535196
      }
    },
    "temp_metrics": {
      "mae": {
        "mean": 2.699741204380113,
        "std": 0.1823297267529471,
        "min": 2.4347424968689073,
        "max": 3.055613074412587
      },
      "rmse": {
        "mean": 3.3665800788359173,
        "std": 0.20672555323129724,
        "min": 3.072484654622975,
        "max": 3.7933385550673258
      },
      "r2": {
        "mean": 0.8532358224844562,
        "std": 0.011929757723271575,
        "min": 0.8264302169732219,
        "max": 0.8763922359410943
      }
    }
  },
  "24h": {
    "n_stations": 18,
    "frost_metrics": {
      "brier_score": {
        "mean": 0.005421834119618839,
        "std": 0.0018744912733870346,
        "min": 0.0025347316529416995,
        "max": 0.009139387556324432
      },
      "ece": {
        "mean": 0.004219650233774636,
        "std": 0.0009777050320765276,
        "min": 0.002921488997813812,
        "max": 0.007505538604444592
      },
      "roc_auc": {
        "mean": 0.9886612573147056,
        "std": 0.005106383740654276,
        "min": 0.9740180917370195,
        "max": 0.9938367817001261
      },
      "pr_auc": {
        "mean": 0.5560665376663728,
        "std": 0.09764195488401896,
        "min": 0.35730172499189355,
        "max": 0.6734304009423623
      }
    },
    "temp_metrics": {
      "mae": {
        "mean": 2.5665925863324706,
        "std": 0.11847006022355303,
        "min": 2.3919269660990654,
        "max": 2.791611437676463
      },
      "rmse": {
        "mean": 3.2247633030547913,
        "std": 0.12832025916757062,
        "min": 3.0196192273425972,
        "max": 3.5047928074833576
      },
      "r2": {
        "mean": 0.8651795290928482,
        "std": 0.008944674596023475,
        "min": 0.8465000464363407,
        "max": 0.8756760361919671
      }
    }
  },
  "start_time": "2025-11-15T20:54:54.835842",
  "end_time": "2025-11-15T21:09:54.485770",
  "duration_seconds": 899.6499259471893,
  "duration_minutes": 14.994165432453155,
  "duration_hours": 0.2499027572075526
}