{
  "accuracy": 0.997158514880483,
  "precision": 0.7536640360766629,
  "recall": 0.7003666841278157,
  "f1": 0.7260385555253869,
  "roc_auc": 0.9982278081050091,
  "pr_auc": 0.805032965336915,
  "brier_score": 0.0021355846768014585,
  "tn": 352750,
  "fp": 437,
  "fn": 572,
  "tp": 1337,
  "ece": 0.0006467668301977791
}