{
  "mae": 0.8175827860832214,
  "rmse": 1.1150430759097778,
  "r2": 0.9841136336326599,
  "mape": "8.940316"
}