{
  "accuracy": 1.0,
  "precision": 1.0,
  "recall": 1.0,
  "f1": 1.0,
  "roc_auc": 1.0,
  "pr_auc": 1.0,
  "brier_score": 9.440214533659622e-15,
  "tn": 353163,
  "fp": 0,
  "fn": 0,
  "tp": 1909,
  "ece": 9.712963484346728e-08
}