{
  "mae": 0.06800705939531326,
  "rmse": 0.13975081659063085,
  "r2": 0.9997504353523254,
  "mape": "0.6884546"
}