{
  "accuracy": 0.9972120215378376,
  "precision": 0.7603399433427762,
  "recall": 0.7029858564693556,
  "f1": 0.7305389221556886,
  "roc_auc": 0.9983509092866355,
  "pr_auc": 0.8193062380238448,
  "brier_score": 0.0020402537918736614,
  "tn": 352764,
  "fp": 423,
  "fn": 567,
  "tp": 1342,
  "ece": 0.00044025019675539523
}