{
  "mae": 0.8346604365332991,
  "rmse": 1.134001840605882,
  "r2": 0.983568817153419,
  "mape": 9.238949568148493
}