{
  "accuracy": 0.99462398900579,
  "precision": 0.0,
  "recall": 0.0,
  "f1": 0.0,
  "roc_auc": 0.4770780776560175,
  "pr_auc": 0.0049775823556228345,
  "brier_score": 0.0054037338166944724,
  "tn": 353187,
  "fp": 0,
  "fn": 1909,
  "tp": 0,
  "ece": 0.0019589531725318675
}