{
  "mae": 8.911326466464228,
  "rmse": 11.095385090118594,
  "r2": -0.5729903907448555,
  "mape": 125.67183523312353
}