{
  "accuracy": 0.9932182768565249,
  "precision": 0.41822353326778106,
  "recall": 0.6684127815610267,
  "f1": 0.5145161290322581,
  "roc_auc": 0.9897585253821283,
  "pr_auc": 0.4915078493548579,
  "brier_score": 0.005134166586426701,
  "tn": 351388,
  "fp": 1775,
  "fn": 633,
  "tp": 1276,
  "ece": 0.005094636878331392
}