{
  "mae": 1.4141697883605957,
  "rmse": 1.9455948590260896,
  "r2": 0.951633632183075,
  "mape": "15.102111"
}