{
  "accuracy": 0.9972514474958885,
  "precision": 0.7701215981470758,
  "recall": 0.6966998428496595,
  "f1": 0.7315731573157316,
  "roc_auc": 0.9983432146285038,
  "pr_auc": 0.8189339443666441,
  "brier_score": 0.0020319661254874304,
  "tn": 352790,
  "fp": 397,
  "fn": 579,
  "tp": 1330,
  "ece": 0.00045950580933637106
}