{
  "mae": 0.8789691604748651,
  "rmse": 1.1795994312734304,
  "r2": 0.9822208735581337,
  "mape": 9.70257944272173
}