{
  "accuracy": 0.9931416178458765,
  "precision": 0.3708145927036482,
  "recall": 0.38686131386861317,
  "f1": 0.3786680275580505,
  "roc_auc": 0.9820771406378211,
  "pr_auc": 0.30586634452073147,
  "brier_score": 0.005205679481785059,
  "tn": 351863,
  "fp": 1259,
  "fn": 1176,
  "tp": 742,
  "ece": 0.00421181844491685
}