{
  "mae": 1.9901986322540508,
  "rmse": 2.5893099550647234,
  "r2": 0.9143408983791973,
  "mape": 24.04820179301103
}