{
  "mae": 0.056969959288835526,
  "rmse": 0.1059046760981299,
  "r2": 0.99985671043396,
  "mape": "0.8017525"
}