{
  "3h": {
    "n_stations": 18,
    "frost_metrics": {
      "brier_score": {
        "mean": 0.0026976768404580785,
        "std": 0.0008713240140987992,
        "min": 0.001242165598565772,
        "max": 0.004423985679073402
      },
      "ece": {
        "mean": 0.0013498383775233038,
        "std": 0.0002318070446168632,
        "min": 0.0009676203606819036,
        "max": 0.0017251823118352625
      },
      "roc_auc": {
        "mean": 0.998100795169883,
        "std": 0.0008716734947769472,
        "min": 0.9958606340564612,
        "max": 0.999095737053471
      },
      "pr_auc": {
        "mean": 0.8552021462879003,
        "std": 0.05058211579902047,
        "min": 0.6841892032567862,
        "max": 0.9075006274886002
      }
    },
    "temp_metrics": {
      "mae": {
        "mean": 1.116066243982841,
        "std": 0.07857730614531427,
        "min": 0.9959784965063576,
        "max": 1.26502957381919
      },
      "rmse": {
        "mean": 1.4459759315908893,
        "std": 0.10488032368916136,
        "min": 1.2849790495958278,
        "max": 1.6145591228948764
      },
      "r2": {
        "mean": 0.9727173829066705,
        "std": 0.004288601982029891,
        "min": 0.9643334309119073,
        "max": 0.9799383143673359
      }
    }
  },
  "6h": {
    "n_stations": 18,
    "frost_metrics": {
      "brier_score": {
        "mean": 0.0029916065744356895,
        "std": 0.0009913203888876076,
        "min": 0.0013217629511229282,
        "max": 0.005021806598006469
      },
      "ece": {
        "mean": 0.0017881262636808772,
        "std": 0.0004847875712019678,
        "min": 0.001164697802682035,
        "max": 0.0025650555788353504
      },
      "roc_auc": {
        "mean": 0.9977309534002923,
        "std": 0.000878334351997993,
        "min": 0.9952871094495926,
        "max": 0.9988849973380896
      },
      "pr_auc": {
        "mean": 0.827082520792595,
        "std": 0.053205286119416224,
        "min": 0.651440570759932,
        "max": 0.8828579625484594
      }
    },
    "temp_metrics": {
      "mae": {
        "mean": 1.348185226844481,
        "std": 0.0792919919973063,
        "min": 1.2004909634340932,
        "max": 1.4895305085234802
      },
      "rmse": {
        "mean": 1.723448180598253,
        "std": 0.10465307903623595,
        "min": 1.5354698323157978,
        "max": 1.9012965584036288
      },
      "r2": {
        "mean": 0.9612486804426581,
        "std": 0.005672824285992898,
        "min": 0.9505182185899349,
        "max": 0.9703204009907429
      }
    }
  },
  "12h": {
    "n_stations": 18,
    "frost_metrics": {
      "brier_score": {
        "mean": 0.00422332291598451,
        "std": 0.001338210293063842,
        "min": 0.0019695284584973364,
        "max": 0.006868356868685024
      },
      "ece": {
        "mean": 0.002260229628317184,
        "std": 0.0009491652604427954,
        "min": 0.0011552461792855586,
        "max": 0.004273721853481729
      },
      "roc_auc": {
        "mean": 0.9952730114273627,
        "std": 0.0018362407800983332,
        "min": 0.9902021540796464,
        "max": 0.9972325029361765
      },
      "pr_auc": {
        "mean": 0.6975588428872951,
        "std": 0.10480764721410882,
        "min": 0.3979198374764681,
        "max": 0.7967645150484773
      }
    },
    "temp_metrics": {
      "mae": {
        "mean": 2.024339771775913,
        "std": 0.11426537847195435,
        "min": 1.758668832659816,
        "max": 2.223674341324415
      },
      "rmse": {
        "mean": 2.566395909286302,
        "std": 0.1402007203299383,
        "min": 2.2333133539932755,
        "max": 2.784547358236058
      },
      "r2": {
        "mean": 0.9140915788604054,
        "std": 0.012317739593968927,
        "min": 0.8861217461513654,
        "max": 0.9346921132314643
      }
    }
  },
  "24h": {
    "n_stations": 18,
    "frost_metrics": {
      "brier_score": {
        "mean": 0.00533612259469157,
        "std": 0.001718003291536529,
        "min": 0.0026300351799325356,
        "max": 0.008817895702166104
      },
      "ece": {
        "mean": 0.0028164128928645582,
        "std": 0.0015081041405583327,
        "min": 0.0016088059604200307,
        "max": 0.008344153405274035
      },
      "roc_auc": {
        "mean": 0.9891885230317923,
        "std": 0.005063381657495626,
        "min": 0.973757225470082,
        "max": 0.9945418356469095
      },
      "pr_auc": {
        "mean": 0.5655504696545698,
        "std": 0.09770123757957276,
        "min": 0.35133407606744665,
        "max": 0.6729705082322415
      }
    },
    "temp_metrics": {
      "mae": {
        "mean": 2.0572311524443867,
        "std": 0.08209315519240855,
        "min": 1.9157576086012877,
        "max": 2.21074026229866
      },
      "rmse": {
        "mean": 2.642350841813139,
        "std": 0.10482143117289353,
        "min": 2.468947017753033,
        "max": 2.8439496545045255
      },
      "r2": {
        "mean": 0.9090374539404641,
        "std": 0.011089349048713594,
        "min": 0.8830328289911349,
        "max": 0.922134228622452
      }
    }
  },
  "start_time": "2025-11-15T18:46:51.211689",
  "end_time": "2025-11-15T18:53:42.556684",
  "duration_seconds": 411.34499311447144,
  "duration_minutes": 6.855749885241191,
  "duration_hours": 0.11426249808735317
}