{
  "accuracy": 0.9965614157617266,
  "precision": 0.75,
  "recall": 0.5405971712938711,
  "f1": 0.628310502283105,
  "roc_auc": 0.9963769279016643,
  "pr_auc": 0.7034005744016358,
  "brier_score": 0.0026826747727786656,
  "tn": 352835,
  "fp": 344,
  "fn": 877,
  "tp": 1032,
  "ece": 0.002040550746499889
}