{
  "mae": 1.2947676197668927,
  "rmse": 1.7126173522727346,
  "r2": 0.962524009909042,
  "mape": 13.583988477773984
}