{
  "accuracy": 0.9927416629112212,
  "precision": 0.3620974401321222,
  "recall": 0.45940282870612886,
  "f1": 0.4049873008543062,
  "roc_auc": 0.9882555370543126,
  "pr_auc": 0.3730284285244991,
  "brier_score": 0.0052907010006640505,
  "tn": 351586,
  "fp": 1545,
  "fn": 1032,
  "tp": 877,
  "ece": 0.004600352434747543
}