{
  "mae": 1.8281675577163696,
  "rmse": 2.3794743402984864,
  "r2": 0.9276480674743652,
  "mape": "21.104452"
}