{
  "3h": {
    "n_stations": 18,
    "frost_metrics": {
      "brier_score": {
        "mean": 0.0026149747582497724,
        "std": 0.0008624835219831107,
        "min": 0.00113886508810447,
        "max": 0.004360971880334361
      },
      "ece": {
        "mean": 0.0009384806675282823,
        "std": 0.00033668671330089306,
        "min": 0.00047703564366031683,
        "max": 0.0017668259404222788
      },
      "roc_auc": {
        "mean": 0.9983214070897576,
        "std": 0.000549300212951921,
        "min": 0.9969495801007514,
        "max": 0.9991269723247999
      },
      "pr_auc": {
        "mean": 0.8629922709495856,
        "std": 0.05108061028088204,
        "min": 0.6860377069839388,
        "max": 0.9166741542831796
      }
    },
    "temp_metrics": {
      "mae": {
        "mean": 1.2827440265589043,
        "std": 0.10639916309836836,
        "min": 1.1241681333236275,
        "max": 1.4786839652473256
      },
      "rmse": {
        "mean": 1.7008742778547845,
        "std": 0.13525495686012334,
        "min": 1.5026562864642818,
        "max": 1.9758834784482235
      },
      "r2": {
        "mean": 0.9623957587685532,
        "std": 0.0051792753707358705,
        "min": 0.9524377668554801,
        "max": 0.971468034016686
      }
    }
  },
  "6h": {
    "n_stations": 18,
    "frost_metrics": {
      "brier_score": {
        "mean": 0.0029560843810909855,
        "std": 0.0009890131659430813,
        "min": 0.0013196259372462978,
        "max": 0.005023129709202791
      },
      "ece": {
        "mean": 0.0013520915415302036,
        "std": 0.00046476409425445987,
        "min": 0.0006033373725679655,
        "max": 0.002168232215965816
      },
      "roc_auc": {
        "mean": 0.9977407076098874,
        "std": 0.0007535397550856611,
        "min": 0.9962612549318133,
        "max": 0.9988866899430808
      },
      "pr_auc": {
        "mean": 0.8325280938167905,
        "std": 0.055859975970789795,
        "min": 0.6516783602378897,
        "max": 0.8895307996070903
      }
    },
    "temp_metrics": {
      "mae": {
        "mean": 1.5740270533656826,
        "std": 0.09260015846429599,
        "min": 1.4201686062359757,
        "max": 1.7862293343894764
      },
      "rmse": {
        "mean": 2.009551884924373,
        "std": 0.11582119861266071,
        "min": 1.815498490414788,
        "max": 2.2919365637884206
      },
      "r2": {
        "mean": 0.947508169680743,
        "std": 0.0060192207737502995,
        "min": 0.9356368384038662,
        "max": 0.9570164010586152
      }
    }
  },
  "12h": {
    "n_stations": 18,
    "frost_metrics": {
      "brier_score": {
        "mean": 0.004308862018300336,
        "std": 0.0015121482671783706,
        "min": 0.0019031976678380938,
        "max": 0.007289375984126702
      },
      "ece": {
        "mean": 0.0026887990878208205,
        "std": 0.0007882817727687901,
        "min": 0.001546351469874217,
        "max": 0.004634636162459697
      },
      "roc_auc": {
        "mean": 0.9938816743059861,
        "std": 0.0026513013975297942,
        "min": 0.9854692528582862,
        "max": 0.9967310154366981
      },
      "pr_auc": {
        "mean": 0.6978204877296681,
        "std": 0.1011055916027328,
        "min": 0.40971437227988816,
        "max": 0.7919467077265471
      }
    },
    "temp_metrics": {
      "mae": {
        "mean": 2.317192754121964,
        "std": 0.12742951974463448,
        "min": 2.0513087541985993,
        "max": 2.5715753129463903
      },
      "rmse": {
        "mean": 2.913284580401637,
        "std": 0.15141528679425617,
        "min": 2.5846630431977435,
        "max": 3.207904373638238
      },
      "r2": {
        "mean": 0.8896358193671752,
        "std": 0.012688992218826507,
        "min": 0.8616827220148023,
        "max": 0.9125269697301979
      }
    }
  },
  "24h": {
    "n_stations": 18,
    "frost_metrics": {
      "brier_score": {
        "mean": 0.005444690629986705,
        "std": 0.0018656599097269277,
        "min": 0.00266244743358346,
        "max": 0.009265692932061568
      },
      "ece": {
        "mean": 0.0025097143475882318,
        "std": 0.0011480351696329166,
        "min": 0.0012488044425794204,
        "max": 0.006518029333933877
      },
      "roc_auc": {
        "mean": 0.9882060194632132,
        "std": 0.003917947744045957,
        "min": 0.9751488460050013,
        "max": 0.993308329183521
      },
      "pr_auc": {
        "mean": 0.5379528234999912,
        "std": 0.09972188075734371,
        "min": 0.32889619402340814,
        "max": 0.6506012207743581
      }
    },
    "temp_metrics": {
      "mae": {
        "mean": 2.1189457368144327,
        "std": 0.08712482566815431,
        "min": 1.9734031365196247,
        "max": 2.2965554522209892
      },
      "rmse": {
        "mean": 2.7255319674029237,
        "std": 0.10826751850576281,
        "min": 2.550552041161622,
        "max": 2.9351536370852824
      },
      "r2": {
        "mean": 0.90332204750678,
        "std": 0.010818151288881616,
        "min": 0.8783003250009693,
        "max": 0.9172955242175544
      }
    }
  },
  "start_time": "2025-11-15T19:08:19.823293",
  "end_time": "2025-11-15T19:18:39.529709",
  "duration_seconds": 619.7064142227173,
  "duration_minutes": 10.328440237045289,
  "duration_hours": 0.17214067061742147
}