{
  "accuracy": 0.995226320295602,
  "precision": 0.5547034764826176,
  "recall": 0.5683603981141959,
  "f1": 0.5614489003880984,
  "roc_auc": 0.9938571214940947,
  "pr_auc": 0.5820622526549033,
  "brier_score": 0.0035481808620690986,
  "tn": 352292,
  "fp": 871,
  "fn": 824,
  "tp": 1085,
  "ece": 0.002139227870181723
}