{
  "mae": 1.7086466718671833,
  "rmse": 2.2155325079612074,
  "r2": 0.9372816103992273,
  "mape": 18.114044221370218
}