{
  "accuracy": 0.9970937436636853,
  "precision": 0.7646348823174411,
  "recall": 0.6636982713462546,
  "f1": 0.7106001121704991,
  "roc_auc": 0.9977769631347698,
  "pr_auc": 0.788996176018486,
  "brier_score": 0.002168603850889865,
  "tn": 352797,
  "fp": 390,
  "fn": 642,
  "tp": 1267,
  "ece": 0.0009412317889614062
}