{
  "mae": 1.0777162725722895,
  "rmse": 1.4387292381889596,
  "r2": 0.9735515973090191,
  "mape": 11.769318094493979
}