{
  "accuracy": 0.9842890941865705,
  "precision": 0.18859276863011373,
  "recall": 0.5819800942902043,
  "f1": 0.28487179487179487,
  "roc_auc": 0.9668159599326821,
  "pr_auc": 0.2185281535212598,
  "brier_score": 0.010392980368391464,
  "tn": 348351,
  "fp": 4780,
  "fn": 798,
  "tp": 1111,
  "ece": 0.010691194679206184
}