{
  "mae": 2.137533187866211,
  "rmse": 2.927549349974002,
  "r2": 0.8904792070388794,
  "mape": "25.389286"
}