{
  "accuracy": 0.9916431951329427,
  "precision": 0.29527863777089786,
  "recall": 0.3996856993190152,
  "f1": 0.3396394391275317,
  "roc_auc": 0.9633423292583683,
  "pr_auc": 0.2584125507330099,
  "brier_score": 0.0055103148947798644,
  "tn": 351310,
  "fp": 1821,
  "fn": 1146,
  "tp": 763,
  "ece": 0.003719690654048561
}