{
  "mae": 1.96649968624115,
  "rmse": 2.6943054971776275,
  "r2": 0.9072355031967163,
  "mape": "24.930826"
}