{
  "accuracy": 0.9948630136986302,
  "precision": 0.5200755786490316,
  "recall": 0.5767417496071241,
  "f1": 0.5469448584202683,
  "roc_auc": 0.9941937589658111,
  "pr_auc": 0.5783378487946065,
  "brier_score": 0.0036932146191220147,
  "tn": 352147,
  "fp": 1016,
  "fn": 808,
  "tp": 1101,
  "ece": 0.0021269452575251647
}