{
  "mae": 1.630330064119259,
  "rmse": 2.119310925942178,
  "r2": 0.9426110869345297,
  "mape": 17.06717849459084
}