{
  "accuracy": 0.9962826116342991,
  "precision": 0.6562334217506631,
  "recall": 0.6479832372970141,
  "f1": 0.6520822351080654,
  "roc_auc": 0.9973410319667025,
  "pr_auc": 0.7246342886141731,
  "brier_score": 0.0026741605079228896,
  "tn": 352531,
  "fp": 648,
  "fn": 672,
  "tp": 1237,
  "ece": 0.001111142849113282
}