{
  "mae": 1.0277020448655207,
  "rmse": 1.3680171767588085,
  "r2": 0.9760880201387132,
  "mape": 11.061353331723975
}