{
  "accuracy": 1.0,
  "precision": 1.0,
  "recall": 1.0,
  "f1": 1.0,
  "roc_auc": 1.0,
  "pr_auc": 1.0,
  "brier_score": 9.440212688253646e-15,
  "tn": 353179,
  "fp": 0,
  "fn": 0,
  "tp": 1909,
  "ece": 9.712962670154567e-08
}