{
  "mae": 0.03184632211923599,
  "rmse": 0.09292276812076565,
  "r2": 0.9998896718025208,
  "mape": "0.34063753"
}