{
  "accuracy": 0.9960573153697112,
  "precision": 0.600952003173344,
  "recall": 0.7936092194866422,
  "f1": 0.6839729119638827,
  "roc_auc": 0.995974135757855,
  "pr_auc": 0.7269052652675585,
  "brier_score": 0.0031234061270782316,
  "tn": 352173,
  "fp": 1006,
  "fn": 394,
  "tp": 1515,
  "ece": 0.003013909558713253
}