{
  "mae": 0.73337322473526,
  "rmse": 1.1297248063845928,
  "r2": 0.9836928844451904,
  "mape": "8.139562"
}