{
  "accuracy": 0.9968008651181652,
  "precision": 0.6547857428914697,
  "recall": 0.8564693556836039,
  "f1": 0.7421697684975034,
  "roc_auc": 0.9971082435042435,
  "pr_auc": 0.8194026415732804,
  "brier_score": 0.0024161827287068525,
  "tn": 352325,
  "fp": 862,
  "fn": 274,
  "tp": 1635,
  "ece": 0.0023271273979583455
}