{
  "mae": 0.43246421217918396,
  "rmse": 0.7691703376048703,
  "r2": 0.9924406409263611,
  "mape": "5.168092"
}