{
  "accuracy": 0.9936457863902659,
  "precision": 0.4125944584382871,
  "recall": 0.429020429544264,
  "f1": 0.4206471494607088,
  "roc_auc": 0.9872786181312856,
  "pr_auc": 0.3992546427456285,
  "brier_score": 0.004758366975422024,
  "tn": 351965,
  "fp": 1166,
  "fn": 1090,
  "tp": 819,
  "ece": 0.0043273736848748676
}