{
  "mae": 1.889324472770741,
  "rmse": 2.465274167338537,
  "r2": 0.9223361990496126,
  "mape": 22.06848575748377
}