{
  "accuracy": 0.9949245155475439,
  "precision": 0.5467248908296943,
  "recall": 0.3279203771608172,
  "f1": 0.40995415848068106,
  "roc_auc": 0.9854065734689171,
  "pr_auc": 0.4306558833079001,
  "brier_score": 0.004122594209085072,
  "tn": 352612,
  "fp": 519,
  "fn": 1283,
  "tp": 626,
  "ece": 0.0034770995167330097
}