{
  "mae": 1.9995547072981912,
  "rmse": 2.6132963425194795,
  "r2": 0.9127298920875594,
  "mape": 24.623274211875856
}