{
  "accuracy": 0.996603658811337,
  "precision": 0.692391899288451,
  "recall": 0.6626506024096386,
  "f1": 0.6771948608137045,
  "roc_auc": 0.9976418482992828,
  "pr_auc": 0.7538559419345193,
  "brier_score": 0.0024684516356756636,
  "tn": 352617,
  "fp": 562,
  "fn": 644,
  "tp": 1265,
  "ece": 0.0008414798328489478
}