{
  "mae": 1.07402242526314,
  "rmse": 1.4116539097347336,
  "r2": 0.9745382115147062,
  "mape": 11.645238392292338
}