{
  "accuracy": 0.9932774197909157,
  "precision": 0.38555392874572963,
  "recall": 0.4118873826903024,
  "f1": 0.39828585833123265,
  "roc_auc": 0.9855963253185094,
  "pr_auc": 0.3883985095325439,
  "brier_score": 0.004879438637205146,
  "tn": 351895,
  "fp": 1259,
  "fn": 1128,
  "tp": 790,
  "ece": 0.0037454512485166945
}