{
  "mae": 2.1624746447681544,
  "rmse": 2.7891577247132777,
  "r2": 0.9006192916859793,
  "mape": 23.246483855344245
}